Workbook

Sheet 📚 Study Plan
A1: 🎯 ASP.NET Core Web API — Complete Study Plan
A2: 📅 Start: 18-May-2026 | End: 22-Jun-2026 | Total Topics: 176 | Total Days: 36 | F2: Daily Target: 5 Topics/Day ⚡ Update Status column after each topic →
A3: STATUS: ✅ Done 🔄 In Progress ⏸ Paused ❌ Skipped ⬜ Not Started
B4: # | C4: Section | D4: Topic | E4: Date | F4: Day | G4: T# | H4: Status | I4: Notes
A5: 📅 Day 1 — Monday, 18 May 2026 · Topics 1 – 5
B6: 1 | C6: ASP.NET Core Web API – Basics | D6: Introduction to ASP.NET Core Web API | E6: 18-May-2026 | F6: 1 | G6: 1/5 | H6: ✅ Done
B7: 2 | C7: ASP.NET Core Web API – Basics | D7: HTTP (HyperText Transport Protocol) | E7: 18-May-2026 | F7: 1 | G7: 2/5 | H7: ✅ Done
B8: 3 | C8: ASP.NET Core Web API – Basics | D8: Creating ASP.NET Core Web API Project using .NET Core CLI | E8: 18-May-2026 | F8: 1 | G8: 3/5 | H8: ⬜ Not Started
B9: 4 | C9: ASP.NET Core Web API – Basics | D9: How to Test ASP.NET Core Web API Using Postman | E9: 18-May-2026 | F9: 1 | G9: 4/5 | H9: ⬜ Not Started
B10: 5 | C10: ASP.NET Core Web API – Basics | D10: Creating ASP.NET Core Web API Project in Visual Studio | E10: 18-May-2026 | F10: 1 | G10: 5/5 | H10: ⬜ Not Started
A11: 📅 Day 2 — Tuesday, 19 May 2026 · Topics 6 – 10
B12: 6 | C12: ASP.NET Core Web API – Basics | D12: Default ASP.NET Core Web API Files and Folders | E12: 19-May-2026 | F12: 2 | G12: 1/5 | H12: ⬜ Not Started
B13: 7 | C13: ASP.NET Core Web API – Basics | D13: ASP.NET Core Web API Project File | E13: 19-May-2026 | F13: 2 | G13: 2/5 | H13: ⬜ Not Started
B14: 8 | C14: ASP.NET Core Web API – Basics | D14: ASP.NET Core Web API Main Method | E14: 19-May-2026 | F14: 2 | G14: 3/5 | H14: ⬜ Not Started
B15: 9 | C15: ASP.NET Core Web API – Basics | D15: Controllers in ASP.NET Core Web API | E15: 19-May-2026 | F15: 2 | G15: 4/5 | H15: ⬜ Not Started
B16: 10 | C16: ASP.NET Core Web API – Basics | D16: Models in ASP.NET Core Web API | E16: 19-May-2026 | F16: 2 | G16: 5/5 | H16: ⬜ Not Started
A17: 📅 Day 3 — Wednesday, 20 May 2026 · Topics 11 – 15
B18: 11 | C18: ASP.NET Core Web API – Basics | D18: Services in ASP.NET Core Web API | E18: 20-May-2026 | F18: 3 | G18: 1/5 | H18: ⬜ Not Started
B19: 12 | C19: ASP.NET Core Web API – Basics | D19: ASP.NET Core Web API AppSettings.json file | E19: 20-May-2026 | F19: 3 | G19: 2/5 | H19: ⬜ Not Started
B20: 13 | C20: ASP.NET Core Web API – Basics | D20: ASP.NET Core In-Process Hosting Model | E20: 20-May-2026 | F20: 3 | G20: 3/5 | H20: ⬜ Not Started
B21: 14 | C21: ASP.NET Core Web API – Basics | D21: ASP.NET Core Kestrel Web Server | E21: 20-May-2026 | F21: 3 | G21: 4/5 | H21: ⬜ Not Started
B22: 15 | C22: ASP.NET Core Web API – Basics | D22: ASP.NET Core Out of Process Hosting Model | E22: 20-May-2026 | F22: 3 | G22: 5/5 | H22: ⬜ Not Started
A23: 📅 Day 4 — Thursday, 21 May 2026 · Topics 16 – 20
B24: 16 | C24: ASP.NET Core Web API – Basics | D24: Hosting Model Interview Questions and Answers | E24: 21-May-2026 | F24: 4 | G24: 1/5 | H24: ⬜ Not Started
B25: 17 | C25: ASP.NET Core Web API – Basics | D25: Dependency Injection in ASP.NET Core Web API | E25: 21-May-2026 | F25: 4 | G25: 2/5 | H25: ⬜ Not Started
B26: 18 | C26: ASP.NET Core Web API – Basics | D26: Singleton vs Scoped vs Transient in ASP.NET Core Web API | E26: 21-May-2026 | F26: 4 | G26: 3/5 | H26: ⬜ Not Started
B27: 19 | C27: ASP.NET Core Web API – Basics | D27: Swagger API in ASP.NET Core Web API | E27: 21-May-2026 | F27: 4 | G27: 4/5 | H27: ⬜ Not Started
B28: 20 | C28: ASP.NET Core Web API – Routing | D28: Routing in ASP.NET Core Web API | E28: 21-May-2026 | F28: 4 | G28: 5/5 | H28: ⬜ Not Started
A29: 📅 Day 5 — Friday, 22 May 2026 · Topics 21 – 25
B30: 21 | C30: ASP.NET Core Web API – Routing | D30: Route Parameters and Query Strings in Routing | E30: 22-May-2026 | F30: 5 | G30: 1/5 | H30: ⬜ Not Started
B31: 22 | C31: ASP.NET Core Web API – Routing | D31: Multiple URLs for a Single Resource in ASP.NET Core Web API | E31: 22-May-2026 | F31: 5 | G31: 2/5 | H31: ⬜ Not Started
B32: 23 | C32: ASP.NET Core Web API – Routing | D32: Token Replacement in ASP.NET Core Web API | E32: 22-May-2026 | F32: 5 | G32: 3/5 | H32: ⬜ Not Started
B33: 24 | C33: ASP.NET Core Web API – Routing | D33: Route Prefix in ASP.NET Core Web API | E33: 22-May-2026 | F33: 5 | G33: 4/5 | H33: ⬜ Not Started
B34: 25 | C34: ASP.NET Core Web API – Routing | D34: Route Constraints in ASP.NET Core Web API | E34: 22-May-2026 | F34: 5 | G34: 5/5 | H34: ⬜ Not Started
A35: 📅 Day 6 — Saturday, 23 May 2026 · Topics 26 – 30
B36: 26 | C36: ASP.NET Core Web API – Routing | D36: How Routing Works in ASP.NET Core Web API | E36: 23-May-2026 | F36: 6 | G36: 1/5 | H36: ⬜ Not Started
B37: 27 | C37: ASP.NET Core Web API – Return Types and Status Codes | D37: Action Return Types in ASP.NET Core Web API | E37: 23-May-2026 | F37: 6 | G37: 2/5 | H37: ⬜ Not Started
B38: 28 | C38: ASP.NET Core Web API – Return Types and Status Codes | D38: HTTP Status Codes in ASP.NET Core Web API | E38: 23-May-2026 | F38: 6 | G38: 3/5 | H38: ⬜ Not Started
B39: 29 | C39: ASP.NET Core Web API – Return Types and Status Codes | D39: 200 HTTP Status Code in ASP.NET Core Web API | E39: 23-May-2026 | F39: 6 | G39: 4/5 | H39: ⬜ Not Started
B40: 30 | C40: ASP.NET Core Web API – Return Types and Status Codes | D40: 201 HTTP Status Code in ASP.NET Core Web API | E40: 23-May-2026 | F40: 6 | G40: 5/5 | H40: ⬜ Not Started
A41: 📅 Day 7 — Sunday, 24 May 2026 · Topics 31 – 35
B42: 31 | C42: ASP.NET Core Web API – Return Types and Status Codes | D42: 202 HTTP Status Code in ASP.NET Core Web API | E42: 24-May-2026 | F42: 7 | G42: 1/5 | H42: ⬜ Not Started
B43: 32 | C43: ASP.NET Core Web API – Return Types and Status Codes | D43: 204 HTTP Status Code in ASP.NET Core Web API | E43: 24-May-2026 | F43: 7 | G43: 2/5 | H43: ⬜ Not Started
B44: 33 | C44: ASP.NET Core Web API – Return Types and Status Codes | D44: 301 HTTP Status Code in ASP.NET Core Web API | E44: 24-May-2026 | F44: 7 | G44: 3/5 | H44: ⬜ Not Started
B45: 34 | C45: ASP.NET Core Web API – Return Types and Status Codes | D45: 302 HTTP Status Code in ASP.NET Core Web API | E45: 24-May-2026 | F45: 7 | G45: 4/5 | H45: ⬜ Not Started
B46: 35 | C46: ASP.NET Core Web API – Return Types and Status Codes | D46: 304 HTTP Status Code in ASP.NET Core Web API | E46: 24-May-2026 | F46: 7 | G46: 5/5 | H46: ⬜ Not Started
A47: 📅 Day 8 — Monday, 25 May 2026 · Topics 36 – 40
B48: 36 | C48: ASP.NET Core Web API – Return Types and Status Codes | D48: 400 HTTP Status Code in ASP.NET Core Web API | E48: 25-May-2026 | F48: 8 | G48: 1/5 | H48: ⬜ Not Started
B49: 37 | C49: ASP.NET Core Web API – Return Types and Status Codes | D49: 401 HTTP Status Code in ASP.NET Core Web API | E49: 25-May-2026 | F49: 8 | G49: 2/5 | H49: ⬜ Not Started
B50: 38 | C50: ASP.NET Core Web API – Return Types and Status Codes | D50: 403 HTTP Status Code in ASP.NET Core Web API | E50: 25-May-2026 | F50: 8 | G50: 3/5 | H50: ⬜ Not Started
B51: 39 | C51: ASP.NET Core Web API – Return Types and Status Codes | D51: 404 HTTP Status Code in ASP.NET Core Web API | E51: 25-May-2026 | F51: 8 | G51: 4/5 | H51: ⬜ Not Started
B52: 40 | C52: ASP.NET Core Web API – Return Types and Status Codes | D52: 405 HTTP Status Code in ASP.NET Core Web API | E52: 25-May-2026 | F52: 8 | G52: 5/5 | H52: ⬜ Not Started
A53: 📅 Day 9 — Tuesday, 26 May 2026 · Topics 41 – 45
B54: 41 | C54: ASP.NET Core Web API – Return Types and Status Codes | D54: Configure Allowed HTTP Methods Globally in ASP.NET Core Web API | E54: 26-May-2026 | F54: 9 | G54: 1/5 | H54: ⬜ Not Started
B55: 42 | C55: ASP.NET Core Web API – Return Types and Status Codes | D55: 500 HTTP Status Code in ASP.NET Core Web API | E55: 26-May-2026 | F55: 9 | G55: 2/5 | H55: ⬜ Not Started
B56: 43 | C56: ASP.NET Core Web API – Return Types and Status Codes | D56: 501 HTTP Status Code in ASP.NET Core Web API | E56: 26-May-2026 | F56: 9 | G56: 3/5 | H56: ⬜ Not Started
B57: 44 | C57: ASP.NET Core Web API – Return Types and Status Codes | D57: 503 HTTP Status Code in ASP.NET Core Web API | E57: 26-May-2026 | F57: 9 | G57: 4/5 | H57: ⬜ Not Started
B58: 45 | C58: ASP.NET Core Web API – Return Types and Status Codes | D58: 504 HTTP Status Code in ASP.NET Core Web API | E58: 26-May-2026 | F58: 9 | G58: 5/5 | H58: ⬜ Not Started
A59: 📅 Day 10 — Wednesday, 27 May 2026 · Topics 46 – 50
B60: 46 | C60: ASP.NET Core Web API – Model Binding | D60: Model Binding in ASP.NET Core Web API | E60: 27-May-2026 | F60: 10 | G60: 1/5 | H60: ⬜ Not Started
B61: 47 | C61: ASP.NET Core Web API – Model Binding | D61: Model Binding using FromForm in ASP.NET Core Web API | E61: 27-May-2026 | F61: 10 | G61: 2/5 | H61: ⬜ Not Started
B62: 48 | C62: ASP.NET Core Web API – Model Binding | D62: Model Binding using FromQuery in ASP.NET Core Web API | E62: 27-May-2026 | F62: 10 | G62: 3/5 | H62: ⬜ Not Started
B63: 49 | C63: ASP.NET Core Web API – Model Binding | D63: Model Binding Using FromRoute in ASP.NET Core Web API | E63: 27-May-2026 | F63: 10 | G63: 4/5 | H63: ⬜ Not Started
B64: 50 | C64: ASP.NET Core Web API – Model Binding | D64: Model Binding Using FromHeader in ASP.NET Core Web API | E64: 27-May-2026 | F64: 10 | G64: 5/5 | H64: ⬜ Not Started
A65: 📅 Day 11 — Thursday, 28 May 2026 · Topics 51 – 55
B66: 51 | C66: ASP.NET Core Web API – Model Binding | D66: Model Binding Using FromBody in ASP.NET Core Web API | E66: 28-May-2026 | F66: 11 | G66: 1/5 | H66: ⬜ Not Started
B67: 52 | C67: ASP.NET Core Web API – Model Binding | D67: Custom Model Binding in ASP.NET Core Web API | E67: 28-May-2026 | F67: 11 | G67: 2/5 | H67: ⬜ Not Started
B68: 53 | C68: ASP.NET Core Web API – Model Binding | D68: How to Apply Binding Attributes to Model Properties in ASP.NET Core Web API | E68: 28-May-2026 | F68: 11 | G68: 3/5 | H68: ⬜ Not Started
B69: 54 | C69: ASP.NET Core Web API – Model Binding | D69: Content Negotiation in ASP.NET Core Web API | E69: 28-May-2026 | F69: 11 | G69: 4/5 | H69: ⬜ Not Started
B70: 55 | C70: ASP.NET Core Web API – Model Binding | D70: Produces and Consumes Attributes in ASP.NET Core Web API | E70: 28-May-2026 | F70: 11 | G70: 5/5 | H70: ⬜ Not Started
A71: 📅 Day 12 — Friday, 29 May 2026 · Topics 56 – 60
B72: 56 | C72: ASP.NET Core Web API – Model Binding | D72: Exclude Properties from Model Binding in ASP.NET Core Web API | E72: 29-May-2026 | F72: 12 | G72: 1/5 | H72: ⬜ Not Started
B73: 57 | C73: ASP.NET Core Web API – Model Binding | D73: Validation using Data Annotations in ASP.NET Core Web API | E73: 29-May-2026 | F73: 12 | G73: 2/5 | H73: ⬜ Not Started
B74: 58 | C74: ASP.NET Core Web API – Entity Framework Core | D74: A Brief Introduction to Entity Framework Core | E74: 29-May-2026 | F74: 12 | G74: 3/5 | H74: ⬜ Not Started
B75: 59 | C75: ASP.NET Core Web API – Entity Framework Core | D75: Entity Framework Core in ASP.NET Core Web API with SQL Server | E75: 29-May-2026 | F75: 12 | G75: 4/5 | H75: ⬜ Not Started
B76: 60 | C76: ASP.NET Core Web API – Entity Framework Core | D76: Entity States in Entity Framework Core | E76: 29-May-2026 | F76: 12 | G76: 5/5 | H76: ⬜ Not Started
A77: 📅 Day 13 — Saturday, 30 May 2026 · Topics 61 – 65
B78: 61 | C78: ASP.NET Core Web API – Entity Framework Core | D78: Relationships in Entity Framework Core | E78: 30-May-2026 | F78: 13 | G78: 1/5 | H78: ⬜ Not Started
B79: 62 | C79: ASP.NET Core Web API – Entity Framework Core | D79: Lazy Loading in Entity Framework Core | E79: 30-May-2026 | F79: 13 | G79: 2/5 | H79: ⬜ Not Started
B80: 63 | C80: ASP.NET Core Web API – Entity Framework Core | D80: Eager Loading in Entity Framework Core | E80: 30-May-2026 | F80: 13 | G80: 3/5 | H80: ⬜ Not Started
B81: 64 | C81: ASP.NET Core Web API – Entity Framework Core | D81: Explicit Loading in Entity Framework Core | E81: 30-May-2026 | F81: 13 | G81: 4/5 | H81: ⬜ Not Started
B82: 65 | C82: ASP.NET Core Web API – Entity Framework Core | D82: Default Conventions in EF Core | E82: 30-May-2026 | F82: 13 | G82: 5/5 | H82: ⬜ Not Started
A83: 📅 Day 14 — Sunday, 31 May 2026 · Topics 66 – 70
B84: 66 | C84: ASP.NET Core Web API – Entity Framework Core | D84: Data Annotation Attributes in EF Core | E84: 31-May-2026 | F84: 14 | G84: 1/5 | H84: ⬜ Not Started
B85: 67 | C85: ASP.NET Core Web API – Entity Framework Core | D85: Fluent API Configurations in EF Core | E85: 31-May-2026 | F85: 14 | G85: 2/5 | H85: ⬜ Not Started
B86: 68 | C86: ASP.NET Core Web API – Entity Framework Core | D86: Fluent API Global Configurations in EF Core | E86: 31-May-2026 | F86: 14 | G86: 3/5 | H86: ⬜ Not Started
B87: 69 | C87: ASP.NET Core Web API – Entity Framework Core | D87: Fluent API Entity Configurations in EF Core | E87: 31-May-2026 | F87: 14 | G87: 4/5 | H87: ⬜ Not Started
B88: 70 | C88: ASP.NET Core Web API – Entity Framework Core | D88: Fluent API Property Configuration in EF Core | E88: 31-May-2026 | F88: 14 | G88: 5/5 | H88: ⬜ Not Started
A89: 📅 Day 15 — Monday, 01 June 2026 · Topics 71 – 75
B90: 71 | C90: ASP.NET Core Web API – Entity Framework Core | D90: EF Core Inheritance | E90: 01-Jun-2026 | F90: 15 | G90: 1/5 | H90: ⬜ Not Started
B91: 72 | C91: ASP.NET Core Web API – Entity Framework Core | D91: EF Core Transactions | E91: 01-Jun-2026 | F91: 15 | G91: 2/5 | H91: ⬜ Not Started
B92: 73 | C92: ASP.NET Core Web API – Entity Framework Core | D92: Entity Framework Core with Stored Procedures | E92: 01-Jun-2026 | F92: 15 | G92: 3/5 | H92: ⬜ Not Started
B93: 74 | C93: ASP.NET Core Web API – Entity Framework Core | D93: EF Core Database First Approach | E93: 01-Jun-2026 | F93: 15 | G93: 4/5 | H93: ⬜ Not Started
B94: 75 | C94: Auto Mapping – ASP.NET Core Web API | D94: Automapper in ASP.NET Core Web API | E94: 01-Jun-2026 | F94: 15 | G94: 5/5 | H94: ⬜ Not Started
A95: 📅 Day 16 — Tuesday, 02 June 2026 · Topics 76 – 80
B96: 76 | C96: Auto Mapping – ASP.NET Core Web API | D96: Automapper Complex Type Mapping in ASP.NET Core Web API | E96: 02-Jun-2026 | F96: 16 | G96: 1/5 | H96: ⬜ Not Started
B97: 77 | C97: Auto Mapping – ASP.NET Core Web API | D97: Mapping Complex Type to Primitive Type using AutoMapper in ASP.NET Core Web API | E97: 02-Jun-2026 | F97: 16 | G97: 2/5 | H97: ⬜ Not Started
B98: 78 | C98: Auto Mapping – ASP.NET Core Web API | D98: Automapper Reverse Mapping in ASP.NET Core Web API | E98: 02-Jun-2026 | F98: 16 | G98: 3/5 | H98: ⬜ Not Started
B99: 79 | C99: Auto Mapping – ASP.NET Core Web API | D99: Automapper Conditional Mapping in ASP.NET Core Web API | E99: 02-Jun-2026 | F99: 16 | G99: 4/5 | H99: ⬜ Not Started
B100: 80 | C100: Auto Mapping – ASP.NET Core Web API | D100: Ignore Property Mapping using Automapper in ASP.NET Core Web API | E100: 02-Jun-2026 | F100: 16 | G100: 5/5 | H100: ⬜ Not Started
...

Sheet 📊 Dashboard
A1: 📊 ASP.NET Core Web API — Progress Dashboard
C4: TOTAL TOPICS | E4: ✅ DONE | G4: 🔄 IN PROGRESS | I4: ⬜ REMAINING
C6: 176 | E6: =COUNTIF('📚 Study Plan'!H:H,"✅ Done") -> 2 | G6: =COUNTIF('📚 Study Plan'!H:H,"🔄 In Progress") -> 0 | I6: =COUNTIF('📚 Study Plan'!H:H,"⬜ Not Started") -> 174
C8: 📈 OVERALL COMPLETION RATE
C9: =COUNTIF('📚 Study Plan'!H:H,"✅ Done")/176 -> 0.011363636
C11: SECTION-WISE PROGRESS
C12: Section | D12: Topics | E12: Done ✅ | F12: In Progress 🔄 | G12: Paused ⏸ | H12: Skipped ❌ | I12: Remaining ⬜
C13: ASP.NET Core Web API – Basics | D13: 19 | E13: =COUNTIFS('📚 Study Plan'!C:C,C13,'📚 Study Plan'!H:H,"✅ Done") -> 2 | F13: =COUNTIFS('📚 Study Plan'!C:C,C13,'📚 Study Plan'!H:H,"🔄 In Progress") -> 0 | G13: =COUNTIFS('📚 Study Plan'!C:C,C13,'📚 Study Plan'!H:H,"⏸ Paused") -> 0 | H13: =COUNTIFS('📚 Study Plan'!C:C,C13,'📚 Study Plan'!H:H,"❌ Skipped") -> 0 | I13: =D13-E13-F13-G13-H13 -> 17
C14: ASP.NET Core Web API – Routing | D14: 7 | E14: =COUNTIFS('📚 Study Plan'!C:C,C14,'📚 Study Plan'!H:H,"✅ Done") -> 0 | F14: =COUNTIFS('📚 Study Plan'!C:C,C14,'📚 Study Plan'!H:H,"🔄 In Progress") -> 0 | G14: =COUNTIFS('📚 Study Plan'!C:C,C14,'📚 Study Plan'!H:H,"⏸ Paused") -> 0 | H14: =COUNTIFS('📚 Study Plan'!C:C,C14,'📚 Study Plan'!H:H,"❌ Skipped") -> 0 | I14: =D14-E14-F14-G14-H14 -> 7
C15: ASP.NET Core Web API – Return Types and Status Codes | D15: 19 | E15: =COUNTIFS('📚 Study Plan'!C:C,C15,'📚 Study Plan'!H:H,"✅ Done") -> 0 | F15: =COUNTIFS('📚 Study Plan'!C:C,C15,'📚 Study Plan'!H:H,"🔄 In Progress") -> 0 | G15: =COUNTIFS('📚 Study Plan'!C:C,C15,'📚 Study Plan'!H:H,"⏸ Paused") -> 0 | H15: =COUNTIFS('📚 Study Plan'!C:C,C15,'📚 Study Plan'!H:H,"❌ Skipped") -> 0 | I15: =D15-E15-F15-G15-H15 -> 19
C16: ASP.NET Core Web API – Model Binding | D16: 12 | E16: =COUNTIFS('📚 Study Plan'!C:C,C16,'📚 Study Plan'!H:H,"✅ Done") -> 0 | F16: =COUNTIFS('📚 Study Plan'!C:C,C16,'📚 Study Plan'!H:H,"🔄 In Progress") -> 0 | G16: =COUNTIFS('📚 Study Plan'!C:C,C16,'📚 Study Plan'!H:H,"⏸ Paused") -> 0 | H16: =COUNTIFS('📚 Study Plan'!C:C,C16,'📚 Study Plan'!H:H,"❌ Skipped") -> 0 | I16: =D16-E16-F16-G16-H16 -> 12
C17: ASP.NET Core Web API – Entity Framework Core | D17: 17 | E17: =COUNTIFS('📚 Study Plan'!C:C,C17,'📚 Study Plan'!H:H,"✅ Done") -> 0 | F17: =COUNTIFS('📚 Study Plan'!C:C,C17,'📚 Study Plan'!H:H,"🔄 In Progress") -> 0 | G17: =COUNTIFS('📚 Study Plan'!C:C,C17,'📚 Study Plan'!H:H,"⏸ Paused") -> 0 | H17: =COUNTIFS('📚 Study Plan'!C:C,C17,'📚 Study Plan'!H:H,"❌ Skipped") -> 0 | I17: =D17-E17-F17-G17-H17 -> 17
C18: Auto Mapping – ASP.NET Core Web API | D18: 11 | E18: =COUNTIFS('📚 Study Plan'!C:C,C18,'📚 Study Plan'!H:H,"✅ Done") -> 0 | F18: =COUNTIFS('📚 Study Plan'!C:C,C18,'📚 Study Plan'!H:H,"🔄 In Progress") -> 0 | G18: =COUNTIFS('📚 Study Plan'!C:C,C18,'📚 Study Plan'!H:H,"⏸ Paused") -> 0 | H18: =COUNTIFS('📚 Study Plan'!C:C,C18,'📚 Study Plan'!H:H,"❌ Skipped") -> 0 | I18: =D18-E18-F18-G18-H18 -> 11
C19: HTTP Methods in ASP.NET Core Web API | D19: 8 | E19: =COUNTIFS('📚 Study Plan'!C:C,C19,'📚 Study Plan'!H:H,"✅ Done") -> 0 | F19: =COUNTIFS('📚 Study Plan'!C:C,C19,'📚 Study Plan'!H:H,"🔄 In Progress") -> 0 | G19: =COUNTIFS('📚 Study Plan'!C:C,C19,'📚 Study Plan'!H:H,"⏸ Paused") -> 0 | H19: =COUNTIFS('📚 Study Plan'!C:C,C19,'📚 Study Plan'!H:H,"❌ Skipped") -> 0 | I19: =D19-E19-F19-G19-H19 -> 8
C20: Logging – ASP.NET Core Web API | D20: 7 | E20: =COUNTIFS('📚 Study Plan'!C:C,C20,'📚 Study Plan'!H:H,"✅ Done") -> 0 | F20: =COUNTIFS('📚 Study Plan'!C:C,C20,'📚 Study Plan'!H:H,"🔄 In Progress") -> 0 | G20: =COUNTIFS('📚 Study Plan'!C:C,C20,'📚 Study Plan'!H:H,"⏸ Paused") -> 0 | H20: =COUNTIFS('📚 Study Plan'!C:C,C20,'📚 Study Plan'!H:H,"❌ Skipped") -> 0 | I20: =D20-E20-F20-G20-H20 -> 7
C21: Caching – ASP.NET Core Web API | D21: 9 | E21: =COUNTIFS('📚 Study Plan'!C:C,C21,'📚 Study Plan'!H:H,"✅ Done") -> 0 | F21: =COUNTIFS('📚 Study Plan'!C:C,C21,'📚 Study Plan'!H:H,"🔄 In Progress") -> 0 | G21: =COUNTIFS('📚 Study Plan'!C:C,C21,'📚 Study Plan'!H:H,"⏸ Paused") -> 0 | H21: =COUNTIFS('📚 Study Plan'!C:C,C21,'📚 Study Plan'!H:H,"❌ Skipped") -> 0 | I21: =D21-E21-F21-G21-H21 -> 9
C22: Fluent Validations – ASP.NET Core Web API | D22: 5 | E22: =COUNTIFS('📚 Study Plan'!C:C,C22,'📚 Study Plan'!H:H,"✅ Done") -> 0 | F22: =COUNTIFS('📚 Study Plan'!C:C,C22,'📚 Study Plan'!H:H,"🔄 In Progress") -> 0 | G22: =COUNTIFS('📚 Study Plan'!C:C,C22,'📚 Study Plan'!H:H,"⏸ Paused") -> 0 | H22: =COUNTIFS('📚 Study Plan'!C:C,C22,'📚 Study Plan'!H:H,"❌ Skipped") -> 0 | I22: =D22-E22-F22-G22-H22 -> 5
C23: Filters – ASP.NET Core Web API | D23: 9 | E23: =COUNTIFS('📚 Study Plan'!C:C,C23,'📚 Study Plan'!H:H,"✅ Done") -> 0 | F23: =COUNTIFS('📚 Study Plan'!C:C,C23,'📚 Study Plan'!H:H,"🔄 In Progress") -> 0 | G23: =COUNTIFS('📚 Study Plan'!C:C,C23,'📚 Study Plan'!H:H,"⏸ Paused") -> 0 | H23: =COUNTIFS('📚 Study Plan'!C:C,C23,'📚 Study Plan'!H:H,"❌ Skipped") -> 0 | I23: =D23-E23-F23-G23-H23 -> 9
C24: Security – ASP.NET Core Web API | D24: 14 | E24: =COUNTIFS('📚 Study Plan'!C:C,C24,'📚 Study Plan'!H:H,"✅ Done") -> 0 | F24: =COUNTIFS('📚 Study Plan'!C:C,C24,'📚 Study Plan'!H:H,"🔄 In Progress") -> 0 | G24: =COUNTIFS('📚 Study Plan'!C:C,C24,'📚 Study Plan'!H:H,"⏸ Paused") -> 0 | H24: =COUNTIFS('📚 Study Plan'!C:C,C24,'📚 Study Plan'!H:H,"❌ Skipped") -> 0 | I24: =D24-E24-F24-G24-H24 -> 14
... C30: ASP.NET Core Web API – Advanced Concepts | D30: 6 | E30: =COUNTIFS('📚 Study Plan'!C:C,C30,'📚 Study Plan'!H:H,"✅ Done") -> 0 | F30: =COUNTIFS('📚 Study Plan'!C:C,C30,'📚 Study Plan'!H:H,"🔄 In Progress") -> 0 | G30: =COUNTIFS('📚 Study Plan'!C:C,C30,'📚 Study Plan'!H:H,"⏸ Paused") -> 0 | H30: =COUNTIFS('📚 Study Plan'!C:C,C30,'📚 Study Plan'!H:H,"❌ Skipped") -> 0 | I30: =D30-E30-F30-G30-H30 -> 6
C31: TOTAL | D31: =SUM(D13:D30) -> 176 | E31: =SUM(E13:E30) -> 2 | F31: =SUM(F13:F30) -> 0 | G31: =SUM(G13:G30) -> 0 | H31: =SUM(H13:H30) -> 0 | I31: =SUM(I13:I30) -> 174
C33: 💡 Update Status in '📚 Study Plan' sheet → Dashboard auto-refreshes | 5 Topics/Day → Complete in just 36 days!

Sheet 📋 Sections Overview
A1: 📋 All Sections at a Glance
B2: Section | C2: Topics | D2: Days Needed | E2: Topic Range
B3: ASP.NET Core Web API – Basics | C3: 19 | D3: 4 | E3: Topic 1 – 19
B4: ASP.NET Core Web API – Routing | C4: 7 | D4: 2 | E4: Topic 20 – 26
B5: ASP.NET Core Web API – Return Types and Status Codes | C5: 19 | D5: 4 | E5: Topic 27 – 45
B6: ASP.NET Core Web API – Model Binding | C6: 12 | D6: 3 | E6: Topic 46 – 57
B7: ASP.NET Core Web API – Entity Framework Core | C7: 17 | D7: 4 | E7: Topic 58 – 74
B8: Auto Mapping – ASP.NET Core Web API | C8: 11 | D8: 3 | E8: Topic 75 – 85
B9: HTTP Methods in ASP.NET Core Web API | C9: 8 | D9: 2 | E9: Topic 86 – 93
B10: Logging – ASP.NET Core Web API | C10: 7 | D10: 2 | E10: Topic 94 – 100
B11: Caching – ASP.NET Core Web API | C11: 9 | D11: 2 | E11: Topic 101 – 109
B12: Fluent Validations – ASP.NET Core Web API | C12: 5 | D12: 1 | E12: Topic 110 – 114
B13: Filters – ASP.NET Core Web API | C13: 9 | D13: 2 | E13: Topic 115 – 123
B14: Security – ASP.NET Core Web API | C14: 14 | D14: 3 | E14: Topic 124 – 137
... B20: ASP.NET Core Web API – Advanced Concepts | C20: 6 | D20: 2 | E20: Topic 171 – 176
B21: TOTAL | C21: 176 | D21: 36
